miirox_,f9538665-961c-4ec9-a36e-9ca89306883c
flefloutv,283a40ed-ecdf-434b-b30a-be424eca5755
swey36,b353acc2-fbb8-403d-a105-11717e83654e
jsk_sky,1649b4c3-f253-46be-bd10-271eddd068d6
firewolfsnk,4725c20f-98aa-43f3-9f14-35570c398408
lucas_officiel,60d1bb58-77b7-4548-8bf6-f0524a207c39
nopa974,2ea1f33f-8381-49e5-a8cb-69e695f7f7a7
didalie,3859103c-0c37-4283-b75a-73dd798d47fb
mybiot,80e11df7-ca75-41a3-8de9-977de77448c0
mynosci,8fd43c02-280d-46b3-a6ca-f53fda377390
yweron53,3a907809-75ab-419a-83d0-932d14c257b1
ploalexis,933192ee-81e5-443c-933a-8db00266e9a2
katcha18,117ebc5a-e9c8-4a81-87f4-2bf3d351a765
raph31,6bb28598-5531-4cc0-bec2-2b9b9d3995be
touix22,8040f269-18c2-476d-9fda-53e32b94042a
slyzikss,a3d57725-046a-4ca7-939a-5867507cff9e
pittsuu_,22422d81-3d51-4e0a-9986-de5e4394ee49
cakkyytoff,3af25f67-cc87-4342-bde0-a9c48fdd7fd0
luca_bdnr,7d5d62d2-91dd-46ff-902f-923bbe6ba0f1
zedrox02,22422d81-3d51-4e0a-9986-de5e4394ee49
bmxlolo,194220a7-9f0f-42ca-ae13-845f2a84671f
whistrod,17aa3878-847c-4c46-a689-acd0f36e8773
oximaxx,a3bb0bed-a370-483d-9a1e-ef50f8b17017
groslolo4044,495ff150-a8b6-403e-b833-5aa8f39fe03f
petit_frost,e9f68fb5-794a-4d95-a67b-4f28ae211935
_heroes,2b37cd3b-b40e-42a0-8fd6-6f3cc9cf4349
anatasen,e018a2a5-53a7-4bd6-97d1-e35ab44c70c3
tyrxnik,d0f15ed1-682a-4d05-bccc-d9ecb2bfcba6
lhcroyal,ae0d7b09-901d-4c5f-91f6-80a5c4debd1d
zeldryak,a533267c-cbb8-4f43-983d-fcd7d3f735bf
oneathlete72032,87c092b6-452a-457f-ae90-b0d1bd63e2ea
outlander_x95,3ab09be1-bbca-493d-ba90-25b3a2668a43
cakkymc,b9fce5af-f90e-4310-bbe1-d278c18aff93
genuinelyfrench,8031902e-24e7-46c0-adc5-a5045f088013
thejambonhallal,726318e3-6820-45c0-946d-a0b5bd7c8da9
touix22_,0de26d3c-57c1-40d4-92a3-8d3fed5960b8
frrp,5557dc0c-6599-468c-9e08-1c38e3b96cac
yayael76,cab6831c-ae44-432d-af9c-18d22478e881
kanagames999,efbc934d-8066-4850-bc14-789c7a8c65bb
